{
  "project_info": {
    "project_number": "775284724909",
    "project_id": "fir-android-6122e",
    "storage_bucket": "fir-android-6122e.appspot.com"
  },
  "client": [
    {
      "client_info": {
        "mobilesdk_app_id": "1:775284724909:android:a8a900cd1214ea42346224",
        "android_client_info": {
          "package_name": "com.example.firebaselogin"
        }
      },
      "oauth_client": [
        {
          "client_id": "775284724909-fbv83b8d9che1a7tbkmmj25dibjm890v.apps.googleusercontent.com",
          "client_type": 1,
          "android_info": {
            "package_name": "com.example.firebaselogin",
            "certificate_hash": "067a48d8c1095cbb4b0f987f987b5da3503ce487"
          }
        },
        {
          "client_id": "775284724909-64utjqami0v1l6q9h1k2ambfbceoe4fu.apps.googleusercontent.com",
          "client_type": 3
        }
      ],
      "api_key": [
        {
          "current_key": "AIzaSyAPnuKrFziK6e6aTE05wUI9xzJ-1pXn-9M"
        }
      ],
      "services": {
        "appinvite_service": {
          "other_platform_oauth_client": [
            {
              "client_id": "775284724909-64utjqami0v1l6q9h1k2ambfbceoe4fu.apps.googleusercontent.com",
              "client_type": 3
            }
          ]
        }
      }
    },
    {
      "client_info": {
        "mobilesdk_app_id": "1:775284724909:android:31d18d2a28a837ca346224",
        "android_client_info": {
          "package_name": "com.example.login"
        }
      },
      "oauth_client": [
        {
          "client_id": "775284724909-18fe70psso13btn6uosue1cioouurru1.apps.googleusercontent.com",
          "client_type": 1,
          "android_info": {
            "package_name": "com.example.login",
            "certificate_hash": "067a48d8c1095cbb4b0f987f987b5da3503ce487"
          }
        },
        {
          "client_id": "775284724909-64utjqami0v1l6q9h1k2ambfbceoe4fu.apps.googleusercontent.com",
          "client_type": 3
        }
      ],
      "api_key": [
        {
          "current_key": "AIzaSyAPnuKrFziK6e6aTE05wUI9xzJ-1pXn-9M"
        }
      ],
      "services": {
        "appinvite_service": {
          "other_platform_oauth_client": [
            {
              "client_id": "775284724909-64utjqami0v1l6q9h1k2ambfbceoe4fu.apps.googleusercontent.com",
              "client_type": 3
            }
          ]
        }
      }
    },
    {
      "client_info": {
        "mobilesdk_app_id": "1:775284724909:android:e6f19aa2cbbe7ac3346224",
        "android_client_info": {
          "package_name": "com.example.netvits_auth"
        }
      },
      "oauth_client": [
        {
          "client_id": "775284724909-64utjqami0v1l6q9h1k2ambfbceoe4fu.apps.googleusercontent.com",
          "client_type": 3
        }
      ],
      "api_key": [
        {
          "current_key": "AIzaSyAPnuKrFziK6e6aTE05wUI9xzJ-1pXn-9M"
        }
      ],
      "services": {
        "appinvite_service": {
          "other_platform_oauth_client": [
            {
              "client_id": "775284724909-64utjqami0v1l6q9h1k2ambfbceoe4fu.apps.googleusercontent.com",
              "client_type": 3
            }
          ]
        }
      }
    },
    {
      "client_info": {
        "mobilesdk_app_id": "1:775284724909:android:5da2165bc0fdc317346224",
        "android_client_info": {
          "package_name": "io.devexpert.android_firebase"
        }
      },
      "oauth_client": [
        {
          "client_id": "775284724909-64utjqami0v1l6q9h1k2ambfbceoe4fu.apps.googleusercontent.com",
          "client_type": 3
        }
      ],
      "api_key": [
        {
          "current_key": "AIzaSyAPnuKrFziK6e6aTE05wUI9xzJ-1pXn-9M"
        }
      ],
      "services": {
        "appinvite_service": {
          "other_platform_oauth_client": [
            {
              "client_id": "775284724909-64utjqami0v1l6q9h1k2ambfbceoe4fu.apps.googleusercontent.com",
              "client_type": 3
            }
          ]
        }
      }
    }
  ],
  "configuration_version": "1"
}